3,0.00012883100134786218
6,0.0011175270046805963
7,0.009783530003915075
8,0.010770808999950532
8,0.009180569999443833
8,0.005482298001879826
9,0.028852707000623923
9,0.06681415300408844
9,0.01130308899882948
9,0.03218958800425753
10,0.06119348200445529
10,0.10399057899485342
10,0.06703525299963076
10,0.049093693000031635
10,0.0574043270025868
11,0.10101733899500687
11,0.10477708699909272
11,0.09236900600080844
11,0.10056541599624325
11,0.09932674199808389
12,0.1669214790017577
12,0.10641928800032474
12,0.19009355000162032
12,0.138886058004573
12,0.15376000099786324
12,0.10156347400334198
12,0.17744406800193246
12,0.12662902600277448
12,0.1741301529982593
12,0.10396680799749447
13,0.29492896399460733
13,0.1466467170030228
13,0.15852792099758517
13,0.30009612000139896
13,0.19803043600404635
13,0.17134697800065624
13,0.29223200600245036
13,0.14115020200551953
13,0.15711106499657035
13,0.29026673499902245
13,0.1845386469940422
13,0.1774243280015071
13,0.2907842379936483
13,0.18912178600294283
13,0.17567607899400173
14,0.5707468090040493
14,0.25378571200417355
14,0.28683587599516613
14,0.5351001340022776
14,0.342243890001555
14,0.35014917200169293
14,0.5077143180023995
14,0.23280654099653475
14,0.27384450800309423
14,0.5262927810035762
14,0.3764111929995124
14,0.28727559699473204
14,0.5745807790008257
14,0.29207790999498684
14,0.3105979690008098
15,1.2837412869994296
15,0.640115809001145
15,0.5471799250008189
15,0.5288620889987214
15,0.5913130920016556
15,1.2379395450043376
15,0.7498343100014608
15,0.7802211590023944
15,0.7336819869960891
15,0.8090255110000726
15,1.1844095030028257
15,0.5662594960012939
15,0.5412653520033928
15,0.5677974610007368
15,0.5646523429968511
15,1.2237137150004855
15,0.6909481089969631
15,0.6649827270011883
15,0.6386790110045695
15,0.6739196030030143
15,1.1473117059940705
15,0.5855197320051957
15,0.5294416050019208
15,0.48178457999893
15,0.5330304980016081
16,2.4500892819996807
16,1.1575715929939179
16,1.0637937990031787
16,0.9076141090044985
16,1.0116484969985322
16,1.0661261140048737
16,2.322298792001675
16,1.5313520210038405
16,1.4075585429964121
16,1.2675544759986224
16,1.289757616003044
16,1.529544283002906
16,3.152990848997433
16,1.424607550005021
16,1.5924352389993146
16,1.0879657229961595
16,0.9612532850005664
16,1.0587737919995561
16,2.928609779002727
16,1.4343933060008567
16,1.3609243829996558
16,1.1031282640033169
16,1.1420623820013134
16,1.5483586569971521
16,2.5807429569977103
16,1.5561263160052476
16,1.3865707160002785
16,1.0207612119993428
16,1.2971571409943863
16,1.3200812689974555
17,14.937330879998626
17,7.1620059099950595
17,6.624061501999677
17,5.820794934996229
17,8.850786795999738
17,7.730717017999268
17,16.091432312001416
17,8.75237658599508
17,8.290935760996945
17,8.242167716998665
17,6.755163084999367
17,7.325811169001099
17,11.37541447300464
17,7.695476287997735
17,6.7727459789966815
17,6.365790304000257
17,5.262359959000605
17,6.078823547002685
17,13.65084156300145
17,7.039207595997141
17,6.85389329699683
17,6.513817443003063
17,5.7094062179967295
17,6.265102366000065
17,12.23815281700081
17,6.25800462099869
17,6.005536768003367
17,6.289169102004962
17,6.633430661997409
17,6.132911032997072
19,1.6866237869980978
19,0.9097869120014366
19,1.3082457999989856
19,0.796707018998859
19,1.4208561609993922
19,0.7971058920011274
19,2.9064630450011464
19,1.828679211997951
19,1.5022633299959125
19,1.4607204329950036
19,1.396823677001521
19,1.3897971250044066
19,1.826163648001966
19,1.1091581279979437
19,0.7803784569987329
19,0.759369423998578
19,0.7703969360009069
19,0.7347256639986881
19,2.3700543200029642
19,1.3056968829987454
19,1.5659410749940434
19,1.256196287999046
19,1.1011366120001185
19,1.2184240850037895
19,2.29466580299777
19,1.0245736299984856
19,0.9859393070000806
19,0.902680908999173
19,1.223936362999666
19,0.8962127369959489
20,1.5792296229992644
20,1.3865582709986484
20,1.5233180569994147
20,1.2751833369984524
20,1.0439757249987451
20,1.223035538001568
20,0.7641331900013029
20,0.7933234939991962
20,0.8869521919987164
20,0.8833746439995593
20,1.0777310609992128
20,1.6658180250014993
20,0.9101025229974766
21,1.6654541200041422
21,1.0555180040028063
21,0.789025442005368
21,0.9238434669969138
21,0.869901657999435
21,0.7709997660058434
21,1.6664893120032502
21,1.095513745000062
21,1.102789065997058
21,1.197359873993264
21,1.230893041996751
21,1.5700342359996284
21,1.7091168549959548
21,0.791364329001226
21,0.8019644349988084
21,0.821103315000073
21,0.8782290539966198
21,0.8992062079996685
21,1.756170877997647
21,1.0817665829963516
21,1.0045302500002435
21,1.0428651349939173
21,1.0662979910048307
21,1.070513122002012
21,2.1960520510037895
21,0.9249642620052327
21,0.884871419002593
21,0.8989517589943716
21,0.9126764079992427
21,0.7663237420056248
22,2.645542177997413
22,1.6480583410011604
22,1.1586699439940276
22,0.892586324000149
22,0.8985799479996786
22,1.0000347179957316
22,0.8793085569996038
22,1.0905639919947134
22,0.8869781009998405
22,0.803274790996511
22,0.8261213919977308
22,0.8495931099969312
22,1.8187832809999236
22,1.5951012000004994
22,1.1967754520010203
22,1.5185154649952892
22,1.4997634739993373
22,1.249706836999394
22,1.1733475900036865
22,1.0797601379963453
22,1.1565423360007117
22,1.2805938189994777
22,1.0568391060005524
22,1.0643986299983226
22,2.3254987970067305
22,2.569559923002089
22,0.9535634550047689
22,0.8753142000059597
22,0.9326882369932719
22,0.9247706120004295
22,0.8704783860011958
22,1.041620885996963
22,1.141742310996051
22,1.075693147999118
22,1.1599298740038648
22,0.954380126997421
22,2.062144697003532
22,1.8389224700003979
22,1.1631788089944166
22,1.36912359699636
22,1.1812434870007564
22,1.0421483440004522
22,0.9791636270019808
22,1.020874998997897
22,1.6603321360016707
22,1.400497180999082
22,1.6253626420002547
22,1.0581966820027446
22,2.134021573001519
22,1.605246300001454
22,0.9258033439982682
22,1.0636246869980823
22,0.9088494030002039
22,1.0022611189997406
22,0.885736636002548
22,0.9060393010004191
22,0.8383079650011496
22,0.9188674460019683
22,0.8838673430000199
22,0.9868630069977371
23,1.9810323339988827
23,2.403288354005781
23,1.8940660450025462
23,1.1652907530005905
23,1.2011841830026242
23,0.980506851003156
23,1.236133387996233
23,1.1208751919984934
23,0.9724572589984746
23,1.1941924619968631
23,1.3034143020049669
23,0.9380952680003247
23,0.8219583089958178
23,0.8420239840052091
23,0.8167482959979679
23,0.8047989129991038
23,0.9794531779989484
23,1.049897286000487
23,1.105828988002031
23,1.0068523110021488
23,1.9482125400027144
23,1.8576698050019331
23,2.130083869000373
23,1.3732342919975054
23,1.2733317389938748
23,1.3379912019954645
23,1.339329351001652
23,1.4060043900026358
23,1.3596205440044287
23,1.206903238002269
23,1.1107910630016704
23,1.1757741699984763
23,1.1162812170005054
23,1.2017720520016155
23,1.0821522510013892
23,1.373615416996472
23,1.3024696270003915
23,1.2677421499975026
23,1.2438514280001982
23,1.0740976400047657
23,1.1364049519979744
23,1.0818502480033203
23,2.458758963002765
23,2.3235827419994166
23,2.4007194169971626
23,1.2626254740025615
23,1.2096015330025693
23,0.8114686600019922
23,0.944926651995047
23,1.3022990469980869
23,0.8317274250002811
23,0.9538227780067245
23,1.01844569700188
23,0.9220977439981652
23,0.7824670580012025
23,0.8856345570020494
23,0.9349270120001165
23,0.8984949739970034
23,0.9435940069961362
23,0.9637838669950725
23,0.94676276500104
23,1.0820545609967667
23,2.1036296149977716
23,1.8291241970000556
23,2.133273024999653
23,1.0796503189994837
23,1.0802657450039987
23,1.1125577769998927
23,1.0498503819981124
23,1.048160602003918
23,1.2699482379975962
23,1.4044952150070458
23,0.9712629909990937
23,0.9961380789973191
23,1.0299938290045247
23,1.0302321979979752
23,1.1248128380029812
23,0.962382099001843
23,1.0180066250031814
23,1.0481233419995988
23,1.1121729930018773
23,0.9902049770025769
23,0.9815379580031731
23,1.7132610760017997
23,1.9796840979979606
23,1.7864080500003183
23,0.9579927239974495
23,1.0089230040030088
23,0.9873416339978576
23,0.9021719480006141
23,0.9007113650004612
23,0.9009260059974622
23,0.9439392019994557
23,0.912504389998503
23,0.9147406919946661
23,0.8175968729992746
23,0.8967250380010228
23,0.8773237490022439
23,0.9373190240003169
23,0.8570711020001909
23,0.8782368969987147
23,0.8850344409947866
23,1.1968538369983435
24,1.8720678059980855
24,1.7506018920030328
24,1.8421432500035735
24,1.725438858004054
24,0.9717858740041265
24,1.0378042800002731
24,1.0259760959961568
24,1.0142685120008537
24,1.0379268190008588
24,0.995153448995552
24,0.9568517799998517
24,0.9874494890027563
24,1.0961808400024893
24,1.1718414380011382
24,1.5033269409977947
24,1.1186438939985237
24,0.9949675249954453
24,1.0548643350048224
24,0.9795355149981333
24,0.9358859689964447
24,1.564666322003177
24,1.1384826110006543
24,0.9051613730043755
24,1.4859505089989398
24,1.115849937996245
24,1.3371193209968624
24,1.2263798359999782
24,1.4581905390004977
24,1.9222841529990546
24,1.8800200709956698
24,2.001576353002747
24,1.792108551999263
24,1.3695715549984016
24,1.3349498639945523
24,1.3510162009988562
24,1.2838737740021315
24,1.1940427329973318
24,1.4517412999994121
24,1.5442066109972075
24,1.3955040560031193
24,1.2291236810051487
24,1.076819093002996
24,1.1523607339986484
24,1.2690404169989051
24,1.3369913230053498
24,1.166234919000999
24,1.1735520149959484
24,1.3780359100055648
24,1.407634811999742
24,1.3649114240033668
24,1.5281434249991435
24,1.4786350249996758
24,1.6625014820019715
24,1.2532766169970273
24,1.3438751549983863
24,1.0727220009939629
24,1.1951091149967397
24,1.4300861450028606
24,1.2222540750008193
24,1.1783042760071112
24,1.9152380840023397
24,1.909896746998129
24,1.9801237550054793
24,2.1673642919995473
24,0.9088100200024201
24,0.9822382810016279
24,0.9729026029963279
24,0.9568031320013688
24,1.014267906997702
24,0.9692299109956366
24,1.2111492120020557
24,1.0455136300006416
24,1.1376668559969403
24,1.1120403200038709
24,1.0673915450024651
24,1.0461092789992108
24,0.8505415600011474
24,1.0798320359972422
24,1.104522376001114
24,1.1166707849988597
24,0.9161996969996835
24,0.7975494019992766
24,0.9753049619976082
24,0.7926774250008748
24,0.7923471739995875
24,1.4093267870048294
24,0.9124445049965288
24,0.848678293004923
24,1.7011236229955102
24,1.7285114929982228
24,1.7884066290062037
24,1.784977972994966
24,1.1270411389996298
24,1.0970718070020666
24,1.091513825005677
24,1.0593065100038075
24,1.003182298001775
24,0.9724651029973757
24,1.0763787019968731
24,0.9947086460015271
24,0.9062596980002127
24,0.922005578999233
24,0.924082814999565
24,0.9036887929978548
24,0.908874480999657
24,0.9149676659944816
24,0.8891915240019443
24,0.9172912089998135
24,0.8810508839960676
24,1.2034038229976431
24,1.1756463860001531
24,1.0123845910056843
24,1.0188758660005988
24,0.8574218259964255
24,0.9072109330008971
24,0.871361794997938
24,0.9493145050000749
24,0.9972180920012761
24,1.7419863719987916
24,1.795241255997098
24,1.735562026995467
24,1.973917880000954
24,1.0752764879944152
24,0.9709249959996669
24,0.9618471759968088
24,1.2397652299987385
24,1.0880857890006155
24,1.1140460440001334
24,1.1380707409989554
24,1.079522530999384
24,1.1373473060011747
24,0.9628010980013642
24,0.9659525659953943
24,0.9819818930045585
24,0.8590935899992473
24,0.9249197559984168
24,0.8855477379984222
24,0.8513363890015171
24,0.8660336860048119
24,0.8390647460037144
24,0.9338482919993112
24,0.8116760319971945
24,0.9100672979984665
24,0.8806332370004384
24,0.9244277460020385
24,0.8816247330032638
25,1.8779383000000962
25,1.874338315006753
25,1.8796767559979344
25,2.0226772370006074
25,1.151363978999143
25,1.0926963379970402
25,1.1389786119980272
25,1.0778668820057646
25,0.9160014419976505
25,0.9329141929993057
25,0.9556829930006643
25,0.9437303540034918
25,1.0253693089980516
25,1.0145746870039147
25,0.9907767460026662
25,1.0782402620025096
25,0.8034541169981821
25,0.8242699420006829
25,0.8701262760005193
25,0.8631240880058613
25,0.8666599099960877
25,0.8156980839994503
25,0.7901814180004294
25,0.822525367999333
25,0.7939064149977639
25,0.7969226929999422
25,0.7959149980015354
25,0.8196808349966886
25,2.001928878002218
25,1.8597415490003186
25,2.0483626700006425
25,1.8306337379981414
25,1.3646297520026565
25,1.3326576830004342
25,1.5208154930005549
25,1.5391996519974782
25,1.089335498996661
25,1.168338292001863
25,1.143398011001409
25,1.1797132009960478
25,1.1586378010033513
25,1.152816886002256
25,1.1408290870022029
25,1.134011187001306
25,1.1416566670013708
25,1.1335647809974034
25,1.1493541949967039
25,1.1652530409992323
25,1.1441225679955096
25,1.038337074998708
25,1.0856577339945943
25,1.0553115929942578
25,1.0859017050024704
25,1.0242987099991296
25,1.0389464780018898
25,1.052442781998252
25,1.0445986890044878
25,1.0577792949989089
25,1.0360107149972464
25,1.0234247330008657
25,1.8459406219990342
25,1.7665246230026241
25,1.8288457819944597
25,2.056272731999343
25,1.1411059550009668
25,1.0723164290029672
25,1.1089349319954636
25,1.1778333430047496
25,0.9651734399958514
25,0.8896465220022947
25,0.9107864489997155
25,0.9212111670058221
25,1.124493720002647
25,1.0377845920011168
25,1.0671064920024946
25,1.125141821001307
25,0.7490729159981129
25,0.7673718099977123
25,0.7445922740007518
25,0.7604375439987052
25,0.7819187929999316
25,0.751482293002482
25,0.7699262259993702
25,0.7699531350008328
25,0.7337177020017407
25,0.7874200489968644
25,0.7555034620017977
25,0.7195278799990774
25,1.6824064579996048
25,1.6243171430032817
25,1.6180158840070362
25,1.6364702470018528
25,1.2636851510033011
25,1.2046158899975126
25,1.483758198999567
25,1.3676576069992734
25,1.0975223790010205
25,1.084193579001294
25,1.0943729400023585
25,1.1063239440045436
25,0.9408302039955743
25,0.9468343270054902
25,0.9199580729982699
25,0.9503562039972167
25,0.9621209409961011
25,0.9261209030009923
25,0.9457871749982587
25,0.9050183250001282
25,0.9415646260022186
25,0.9572259569977177
25,0.9128718849970028
25,0.9379909980052616
25,0.9786250119941542
25,0.9030019850033568
25,0.9864207529972191
25,0.9245643829999608
25,0.9127646439956152
25,0.9399065620018519
25,1.8773010969962343
25,1.7825139760025195
25,1.7872449530041195
25,1.8350077650029561
25,1.1286027550013387
25,1.0849399639992043
25,1.1617376740032341
25,1.290207336001913
25,1.1451904409987037
25,1.1419154639952467
25,1.1599233069937327
25,1.1941940840042662
25,1.2169514160050312
25,1.1939851919960347
25,1.2606518149987096
25,1.221538640995277
25,1.0012055530023645
25,0.9869055290037068
25,0.9666160769993439
25,0.9548160919948714
25,0.9838778689954779
25,1.016329316997144
25,0.9654092179989675
25,0.9434238119938527
25,0.8982587849968695
25,0.863501700994675
25,0.8554998649997287
25,0.8805948660010472
26,1.6656165750027867
26,1.6839336240009288
26,1.5751292900022236
26,1.567944645001262
26,1.0061539789967355
26,0.9936529190017609
26,0.9009943260025466
26,1.2725624770027935
26,0.9846429769968381
26,1.090294809997431
26,0.8768830420012819
26,0.9202408700002707
26,0.89253357299458
26,0.8830307000025641
26,0.8644972469992354
26,0.8612606369933928
26,0.7908651999969152
26,0.8764907340009813
26,0.7893965510011185
26,0.7995315349980956
26,0.8031388140007039
26,0.7996569240058307
26,0.7879992110028979
26,0.7603968710027402
26,0.7580576469990774
26,0.7904615380030009
26,0.7974838009977248
26,0.793183207999391
26,1.702304897000431
26,1.6066589299953193
26,1.6182977799981018
26,1.5994695739937015
26,1.164270954002859
26,1.223959973998717
26,1.205003700000816
26,1.2580869330049609
26,1.1048216249982943
26,1.0669310029988992
26,1.0580135440031881
26,1.077753876998031
26,1.1078362349944655
26,1.3117523980035912
26,1.1236449600037304
26,1.1170147990051191
26,1.294907402996614
26,1.2669696860029944
26,1.2503026379999937
26,1.1067534069952671
26,1.074995676994149
26,1.048947686998872
26,1.0005791150033474
26,1.0058213089942
26,1.0552107379990048
26,1.011069699001382
26,1.0661402550031198
26,0.9770521099999314
26,1.0050635139996302
26,1.1756845499985502
26,1.060058093004045
26,1.035547753002902
26,1.6427434959987295
26,1.5942687770002522
26,1.6345369269984076
26,1.8088123989946325
26,1.0160238509997725
26,0.9422758619984961
26,0.8244373380002799
26,0.9941161460010335
26,0.9800408649971359
26,0.8720680639962666
26,0.8329063990022405
26,0.7972076189980726
26,0.8398007989962935
26,0.8932393869981752
26,0.8784851460004575
26,0.9267313849995844
26,0.796389385999646
26,0.8211861150048207
26,0.8278773370038834
26,0.7789140309978393
26,0.7650713159964653
26,0.7391478720019222
26,0.7635172540030908
26,0.7373332479983219
26,0.7626173530006781
26,0.7501159160019597
26,0.7696916429995326
26,0.7364831949962536
26,1.6649741750006797
26,1.696184180000273
26,1.5156522140023299
26,1.5729449889986427
26,1.1250382060025004
26,1.2619562020045123
26,1.2373524209979223
26,1.2463468460045988
26,1.158706763999362
26,1.1873323600011645
26,1.0649752440003795
26,1.101691005002067
26,0.9620469639994553
26,0.9400499749972369
26,1.021469517996593
26,1.0363521659965045
26,0.9255926390032982
26,0.9470462370009045
26,1.0705830799997784
26,1.0980630819976795
26,1.0738173909994657
26,1.1140161980001722
26,1.082366398004524
26,1.0915459240059135
26,0.9517124379999586
26,1.0061013160011498
26,0.884832149000431
26,0.8954950289989938
26,0.8858415319991764
26,0.8802181339997333
26,1.6298279830007232
26,1.6265226210016408
26,1.6453061220017844
26,1.6467748189970735
26,0.91202578299999
26,0.9580220770003507
26,0.9360395690018777
26,0.931681704998482
26,0.9549388419982279
26,0.9044799189941841
26,0.9078993139992235
26,0.9663968770037172
26,0.8914310539985308
26,0.9050488369975938
26,0.9784729839957436
26,0.9922824749955907
26,0.9783716740057571
26,0.9708252639975399
26,1.0464418800038402
26,0.9822543230038718
26,1.0139566399957403
26,0.987204033001035
26,0.9547189219956635
26,0.9993403539992869
26,0.9747060939989751
26,0.9567921570051112
26,0.9557808620011201
26,0.7626532010035589
27,1.5937831150004058
27,1.6243694860022515
27,1.5658008259997587
27,1.754222301999107
27,0.918615503993351
27,0.9330301840018365
27,0.954156770996633
27,0.9452534340016427
27,0.8982358010034659
27,0.900004909002746
27,0.8338474009942729
27,0.8601100689993473
27,0.8891223839964368
27,1.003090763995715
27,1.0169876590007334
27,0.8540176530004828
27,0.7742732469996554
27,0.7776222199972835
27,0.7960554230012349
27,0.77095216899761
27,0.7786304710025433
27,0.7722536650035181
27,0.7691797629959183
27,0.7696211810034583
27,0.7654129299990018
27,0.7221561300029862
27,0.7593342190011754
27,0.7578118629971868
27,1.508393406002142
27,1.5318672119974508
27,1.7942152629984776
27,1.8810045709979022
27,1.3535899060007068
27,1.3133583199960412
27,1.3458487890020479
27,1.4032052750044386
27,1.1105489370020223
27,1.0505428820033558
27,1.048930216995359
27,1.0719203850021586
27,1.2914132570003858
27,1.23171069399541
27,1.0665859629953047
27,1.092226455002674
27,1.077887434999866
27,1.053985227998055
27,1.0551015510063735
27,1.1904671850061277
27,1.2041126409967546
27,1.0498758280009497
27,1.0598998579953332
27,1.1376514840012533
27,1.0639872819956508
27,1.069984513000236
27,1.0252913670046837
27,1.0219983169954503
27,1.118878715999017
27,1.0004621419939213
27,1.0985265209965291
27,1.0396067230030894
27,1.6399382100062212
27,1.5358787619989016
27,1.7011112270047306
27,1.6560022949997801
27,0.8521666350061423
27,0.8146002700013923
27,0.8092184109991649
27,0.847602249996271
27,0.8126229579938808
27,0.8408334289997583
27,0.7881109330046456
27,0.7694885630044155
27,0.8336662200017599
27,0.8402857770051924
27,0.855002970994974
27,0.8484171160016558
27,0.7370879670052091
27,0.7065251410022029
27,0.7297304880048614
27,0.7418758519997937
27,0.723848508001538
27,0.7383345800044481
27,0.8085070849992917
27,0.7878440349959419
27,0.7889487520005787
27,0.7916191129988874
27,0.7913535240004421
27,0.7910135540005285
27,1.5847082460022648
27,1.5193333299976075
27,1.7145242170008714
27,1.889883894000377
27,1.2337673680012813
27,1.0896841759968083
27,1.0646075669938
27,1.0652344310001354
27,0.9923797150040627
27,0.9935857780001243
27,0.9950293850051821
27,0.9969338049995713
27,0.980250929002068
27,0.9298789940003189
27,0.99324173599598
27,0.9321760990060284
27,1.134985468997911
27,1.1424682150027365
27,1.0842256249961792
27,1.0843835409978055
27,1.0808012280031107
27,1.133828332000121
27,1.0984982380032307
27,1.0258767800041824
27,0.9369211830053246
27,0.9375966169973253
27,0.9438077750019147
27,0.8947146680002334
27,0.8960801599969273
27,0.8913745189929614
27,1.6489527570010978
27,1.6269358190038474
27,1.5762299899943173
27,1.6238416070045787
27,0.9510332220015698
27,0.926645612998982
27,0.9155486899981042
27,0.943798528998741
27,0.9787707589930505
27,0.9758103770000162
27,1.091815735999262
27,1.07056957900204
27,0.9021630790011841
27,0.9249490899965167
27,0.9003084949945332
27,0.9473164499941049
27,0.8478733660012949
27,0.8334056680032518
27,0.8448866460021236
27,0.8279306140029803
27,0.8326234929991188
27,0.826625198002148
27,0.8655406140023842
27,0.989197297996725
27,0.8360228450037539
27,0.8234906799989403
27,0.829876557996613
27,0.8333874550007749
28,1.6264656210041721
28,1.7037317700014682
28,1.5809719760000007
28,1.6269924259977415
28,0.9048619879977196
28,0.9327457889958168
28,0.9215400590037461
28,1.0843111730064265
28,0.846941247000359
28,0.8802186190005159
28,0.8811061490050633
28,0.9296065159942373
28,0.9065796970025986
28,0.9381429109998862
28,0.9412571180000668
28,1.0424881389990333
28,0.778793808996852
28,0.7737052769953152
28,0.7855527110004914
28,0.7518157599988626
28,0.8114651239957311
28,0.8764879639929859
28,0.8395903530035866
28,0.862755162997928
28,0.8413093150011264
28,0.8597626260016114
28,0.8961563930060947
28,0.8314320979989134
28,1.5881586370014702
28,1.622426866000751
28,1.6300357630025246
28,1.5918917579983827
28,1.1063892019956256
28,1.112058935003006
28,1.1062787369955913
28,1.1163634339973214
28,1.202456278995669
28,1.2892043050014763
28,1.2853137940037414
28,1.1899211370036937
28,1.167239337002684
28,1.0873380120028742
28,1.02839567099727
28,1.1591137319992413
28,1.1482857540031546
28,1.1589894110002206
28,1.1507176589948358
28,1.118097273996682
28,1.186805330995412
28,1.1127898310005548
28,1.0631352310010698
28,1.0329087170030107
28,1.0822578220031573
28,1.04052743200009
28,1.0395277669958887
28,1.1104117239956395
28,1.1114773489971412
28,1.1084432429997833
28,1.1169890119999764
28,1.1067696919999435
28,1.7091634739990695
28,1.6951428249958553
28,1.6965639979971456
28,1.703914691999671
28,0.8269292640034109
28,0.9073386650052271
28,0.8370343510032399
28,0.8026958359987475
28,0.8523497710048105
28,0.8182729710024432
28,0.8301987629965879
28,0.7888934750008048
28,0.8526676930050598
28,0.9310334390029311
28,0.8759555209981045
28,0.9482618010006263
28,0.9015024889959022
28,0.91913661199942
28,0.897147411997139
28,0.9032514230057131
28,0.828392570001597
28,0.802090668999881
28,0.8027637780032819
28,0.7971905259983032
28,0.8763676249946002
28,0.8755505420049303
28,0.873514894003165
28,0.8814042160011013
28,1.9129831100071897
28,1.8599894670041976
28,1.91238143100054
28,1.920252159005031
28,1.1671724910047487
28,1.0485360370003036
28,1.073102132002532
28,1.0449071600014577
28,0.9996647980005946
28,1.0136726380005712
28,0.9773717770003714
28,1.037494633004826
28,0.9490511620024336
28,0.9310282740043476
28,1.0989532780004083
28,1.0926811900062603
28,1.1349312599995756
28,1.063989300004323
28,1.0733821620015078
28,1.0656408530048793
28,1.0752867119954317
28,1.0715483859967208
28,1.0047038039992913
28,0.9261485969982459
28,0.9128421700006584
28,0.92703756300034
28,1.0663022389999242
28,1.0708759459957946
28,1.07568213599734
28,1.0345500440016622
28,1.9322976380062755
28,1.9294039660017006
28,1.6376682279951638
28,1.6310934819994145
28,1.047543542998028
28,0.9812912850029534
28,1.0092885199992452
28,0.920559272999526
28,0.9010869010016904
28,0.8953094179960317
28,0.8969951580002089
28,0.8712887639994733
28,0.9486059429982561
28,0.8819616399996448
28,0.9189077150003868
28,0.9115324660015176
28,0.8256983450046391
28,0.8421310060002725
28,0.8377304970053956
28,0.8481216040017898
28,0.849766744999215
28,0.8479887540015625
28,0.8039326319994871
28,0.797370904001582
28,0.7658964869988267
28,0.8022917079942999
28,0.7947940820013173
28,0.9240107049990911
29,1.793585171995801
29,1.833144540003559
29,1.9225619319986436
29,1.8673200190023636
29,0.9062879810007871
29,0.8815601639944362
29,0.9073319420058397
29,0.9315673309974954
29,0.8463342679970083
29,0.8459586620010668
29,0.8416896479975549
29,0.8332192930029123
29,0.8842014379988541
29,0.8697455390065443
29,0.868750308000017
29,0.896637001002091
29,0.7834585760065238
29,0.7864786559948698
29,0.9389114619989414
29,0.9835638279982959
29,0.9808571569956257
29,0.9287383660048363
29,0.8652271179962554
29,0.7434564700015471
29,0.8809662589992513
29,0.7478479510027682
29,0.7884530410010484
29,0.7975640899967402
29,1.6720901749940822
29,1.702776096004527
29,1.6889792350048083
29,1.735907550995762
29,1.2327024519981933
29,1.22099784600141
29,1.3199222109979019
29,1.2651935489993775
29,1.20462427399616
29,1.1525755830007256
29,1.1293552569986787
29,1.097562511000433
29,1.028370713996992
29,1.0846917360031512
29,1.0440815510009998
29,1.220931309995649
29,1.1283504599996377
29,1.1243870129983407
29,1.1502888499962864
29,1.1391853759996593
29,1.114644335997582
29,1.1076659519967507
29,1.0595991640002467
29,1.0516635839958326
29,1.0682584730020608
29,1.0478271100000711
29,1.0356695289956406
29,1.0348644539990346
29,1.0397614340035943
29,1.129851666999457
29,1.0039345350014628
29,1.0094789850045345
29,1.6796820890012896
29,1.8714601620013127
29,1.8851228790008463
29,1.884816845995374
29,0.8266828539999551
29,0.8261160809997818
29,0.8096901079989038
29,0.8264761809987249
29,0.8896252699996694
29,0.8393311870022444
29,0.7759840910002822
29,0.7916001069970662
29,0.8233118579955772
29,0.8564426800003275
29,0.8335900659949402
29,0.8326287520030746
29,0.8168443340036902
29,0.8028120290036895
29,0.7993307610013289
29,0.80345199599833
29,0.8015384640020784
29,0.7968453780049458
29,0.7934975780008244
29,0.7981638670025859
29,0.747155555000063
29,0.7190472110014525
29,0.7188236150032026
29,0.7217078309986391
29,1.6081911660003243
29,1.8363082599971676
29,1.988890389999142
29,1.9034656419971725
29,1.0270082880015252
29,1.039021350996336
29,1.0398131589972763
29,1.0472905099959462
29,0.9614776399976108
29,1.0072615110038896
29,0.991894933002186
29,1.0284907610039227
29,0.966156687005423
29,0.9258901229986805
29,0.9633743950034841
29,0.9569001240015496
29,0.9785212459973991
29,0.9532105489997775
29,0.9433943619951606
29,0.9447314670032938
29,0.9611206859990489
29,0.9265671500033932
29,0.9933540010024444
29,0.9228464349944261
29,0.8991884460047004
29,0.8913734859961551
29,0.8568050210014917
29,0.918992396997055
29,0.9012851739971666
29,0.9136526170041179
29,1.6942366630028118
29,1.7009552329982398
29,1.6866662389948033
29,1.6556964609990246
29,0.9361573499991209
29,0.9272813729985501
29,0.9379160919997958
29,0.9374838740041014
29,0.8708429999969667
29,0.9157572140029515
29,0.879960297002981
29,0.9103103899979033
29,0.8910948010016
29,0.993783893994987
29,0.9326271460013231
29,0.8874777080054628
29,0.8458562189989607
29,0.8374844470017706
29,0.8384387830010382
29,0.8452882419951493
29,0.8206216300022788
29,0.8457544939956279
29,0.8408999070015852
29,0.8314755280007375
29,0.8342457809994812
29,0.842566468003497
29,0.8740353159955703
29,0.8909391959969071
3,0.00011325600098643918
7,0.0021973260008962825
9,0.00699722900026245
10,0.02894651399947179
3,0.00019541300025593955
7,0.0015801970002939925
9,0.006451651999668684
10,0.025361616999362013
3,0.00011460899986559525
7,0.001707667999653495
9,0.006175536000228021
10,0.010225371999695199
3,0.00010027200005424675
7,0.0016492249997099862
9,0.00685481999971671
10,0.030241766000472126
3,0.0005095149990665959
3,0.00018426099995849654
6,0.0010765299994091038
7,0.0022593739995500073
7,0.0033440300012443913
7,0.005184588000702206
7,0.0015160929997364292
8,0.0030497959996864665
8,0.00674679300027492
8,0.004586590999679174
8,0.006272410999372369
8,0.006524663000163855
8,0.006027081999491202
8,0.007273938999787788
9,0.008503162998749758
9,0.008206022999729612
9,0.03910949200144387
9,0.008492864999425365
9,0.009739265000462183
9,0.011536488998899586
9,0.007785653999235365
9,0.014379955000549671
9,0.006881651999719907
9,0.011384857998564257
9,0.010690685998270055
9,0.012022372000501491
9,0.014053065000553033
9,0.00878834000104689
10,0.04769773500083829
10,0.020049382999786758
10,0.014427658999920823
10,0.015606320999722811
10,0.018352151999351918
10,0.012235547001182567
10,0.018572659999335883
10,0.049513152000145055
10,0.01878448100069363
10,0.016389946000344935
10,0.019251923000410898
10,0.01999864099889237
10,0.014438341999266413
10,0.017262884000956547
10,0.05226878100074828
10,0.0195774359999632
10,0.016890701999727753
10,0.0148407180004142
10,0.019992490000731777
10,0.017283465998843894
10,0.019265562999862595
3,4.705500032287091e-05
6,6.642999869654886e-05
8,8.733999857213348e-05
10,0.0001095750012609642
16,7.627900049556047e-05
21,5.9838999732164666e-05
23,5.576400144491345e-05
25,5.565200262935832e-05
26,7.288699998753145e-05
28,5.592200250248425e-05
29,5.486499867402017e-05
3,0.0010942069930024445
6,0.006775345987989567
7,0.008362982989638112
7,0.00817249299143441
7,0.011949416002607904
7,0.006228924001334235
7,0.004052037998917513
8,0.017893342999741435
8,0.012378611005260609
8,0.005983923008898273
8,0.0034545770031400025
8,0.003195066994521767
8,0.0034002809989033267
8,0.01681176900456194
8,0.012062474008416757
8,0.00823296200542245
8,0.004734072004794143
9,0.027735837997170165
9,0.05187419599678833
9,0.00960854600998573
9,0.026069662999361753
9,0.015302573010558262
9,0.012983028995222412
9,0.025199037001584657
9,0.015239116997690871
9,0.027761346005718224
9,0.015473669991479255
9,0.02133968600537628
9,0.01951243099756539
9,0.007649063001736067
9,0.05514891400525812
9,0.01784722700540442
9,0.018774542986648157
9,0.007684534997679293
9,0.027242784010013565
9,0.010938688996247947
9,0.00888682399818208
9,0.005654955006320961
9,0.028084381003282033
9,0.007153269005357288
9,0.022481225998490117
9,0.017774508000002243
9,0.013700051000341773
10,0.09925123699940741
10,0.013269128001411445
10,0.040599917992949486
10,0.036032485993928276
10,0.017492373997811228
10,0.03195458499249071
10,0.06509657501010224
10,0.010874676998355426
10,0.031556547997752205
10,0.020413913996890187
10,0.02464861801126972
10,0.0096785719943
10,0.0399684489966603
10,0.06796624200069346
10,0.012808625004254282
10,0.036256472012610175
10,0.031072982004843652
10,0.03625022400228772
10,0.02681545799714513
10,0.06359482200059574
10,0.010696721001295373
10,0.038022902997909114
10,0.03405987199221272
10,0.01846001400554087
10,0.03813731799891684
10,0.06547983299242333
10,0.012274080989300273
10,0.029471349000232294
10,0.03633131399692502
10,0.012853588006692007
10,0.033428946990170516
10,0.015535002006799914
10,0.028789052012143657
10,0.07588664699869696
10,0.010031077996245585
10,0.03799398199771531
10,0.02097163700091187
10,0.02809088300273288
10,0.010777354997117072
10,0.03681789600523189
10,0.02561397000681609
10,0.059295807004673406
10,0.021297594998031855
3,0.0002038990060100332
6,0.004662366001866758
7,0.01202644499426242
7,0.006817952002165839
8,0.005916126989177428
8,0.004412160997162573
8,0.003097704000538215
8,0.004209644001093693
8,0.016141467000124976
9,0.01654863200383261
9,0.00595411699032411
9,0.020196721001411788
9,0.05954549599846359
9,0.008700051999767311
9,0.01012582799012307
9,0.02735304601083044
9,0.008720208003069274
9,0.012134606004110537
9,0.020933214997057803
9,0.017631162991165183
9,0.011056750008719973
9,0.03068749299563933
10,0.06772853400616441
10,0.013125747005688027
10,0.029436315002385527
10,0.033596812005271204
10,0.015508452997892164
10,0.03997015001368709
10,0.025340593987493776
10,0.05495795099704992
10,0.010637643004884012
10,0.023398657998768613
10,0.023747742001432925
10,0.038727708990336396
10,0.010402229003375396
10,0.08090410599834286
10,0.014892149993102066
10,0.03264049800054636
10,0.017142846001661383
10,0.03119501301262062
10,0.022308283005259
10,0.03009829399525188
10,0.03662801699829288
10,0.06921014000545256
10,0.028525137997348793
10,0.020682565998868085
10,0.03338051699392963
3,0.00013209300232119858
6,0.0010790270025609061
7,0.0016957229963736609
7,0.00307353500102181
8,0.015317964993300848
8,0.011315702009596862
8,0.006353165998007171
8,0.01853003998985514
8,0.010922975998255424
9,0.007911410997621715
9,0.005204593006055802
9,0.02765115100191906
9,0.055922415005625226
9,0.013746120996074751
9,0.02881478299968876
9,0.008980344995507039
9,0.009524655004497617
9,0.024259270998300053
10,0.03055780299473554
10,0.010782731013023295
10,0.06372390400792938
10,0.032947105006314814
10,0.02176266499736812
10,0.010094719007611275
10,0.03660243000194896
10,0.034548939001979306
10,0.02345254500687588
10,0.03697562500019558
10,0.030666160004329868
10,0.01342776499222964
10,0.03484593199391384
10,0.012884357987786643
10,0.024347421000129543
3,0.00010991300223395228
6,5.9358004364185035e-05
8,7.902800280135125e-05
10,0.00010751301306299865
16,8.856900967657566e-05
21,8.762499783188105e-05
23,6.80350058246404e-05
25,6.022199522703886e-05
26,9.07709909370169e-05
28,7.861400081310421e-05
29,8.87749920366332e-05
